,X,Y,month,day,FFMC,DMC,DC,ISI
0,7,5,mar,fri,86.2,26.2,94.3,5.1
1,7,4,oct,tue,90.6,35.4,669.1,6.7
2,7,4,oct,sat,90.6,43.7,686.9,6.7
3,8,6,mar,fri,91.7,33.3,77.5,9.0
4,8,6,mar,sun,89.3,51.3,102.2,9.6
5,8,6,aug,sun,92.3,85.3,488.0,14.7
6,8,6,aug,mon,92.3,88.9,495.6,8.5
7,8,6,aug,mon,91.5,145.4,608.2,10.7
8,8,6,sep,tue,91.0,129.5,692.6,7.0
9,7,5,sep,sat,92.5,88.0,698.6,7.1
10,7,5,sep,sat,92.5,88.0,698.6,7.1
11,7,5,sep,sat,92.8,73.2,713.0,22.6
12,6,5,aug,fri,63.5,70.8,665.3,0.8
13,6,5,sep,mon,90.9,126.5,686.5,7.0
14,6,5,sep,wed,92.9,133.3,699.6,9.2
15,6,5,sep,fri,93.3,141.2,713.9,13.9
16,5,5,mar,sat,91.7,35.8,80.8,7.8
17,8,5,oct,mon,84.9,32.8,664.2,3.0
18,6,4,mar,wed,89.2,27.9,70.8,6.3
19,6,4,apr,sat,86.3,27.4,97.1,5.1
20,6,4,sep,tue,91.0,129.5,692.6,7.0
21,5,4,sep,mon,91.8,78.5,724.3,9.2
22,7,4,jun,sun,94.3,96.3,200.0,56.1
23,7,4,aug,sat,90.2,110.9,537.4,6.2
24,7,4,aug,sat,93.5,139.4,594.2,20.3
25,7,4,aug,sun,91.4,142.4,601.4,10.6
26,7,4,sep,fri,92.4,117.9,668.0,12.2
27,7,4,sep,mon,90.9,126.5,686.5,7.0
28,6,3,sep,sat,93.4,145.4,721.4,8.1
29,6,3,sep,sun,93.5,149.3,728.6,8.1
30,6,3,sep,fri,94.3,85.1,692.3,15.9
31,6,3,sep,mon,88.6,91.8,709.9,7.1
32,6,3,sep,fri,88.6,69.7,706.8,5.8
33,6,3,sep,sun,91.7,75.6,718.3,7.8
34,6,3,sep,mon,91.8,78.5,724.3,9.2
35,6,3,sep,tue,90.3,80.7,730.2,6.3
36,6,3,oct,tue,90.6,35.4,669.1,6.7
37,7,4,oct,fri,90.0,41.5,682.6,8.7
38,7,3,oct,sat,90.6,43.7,686.9,6.7
39,4,4,mar,tue,88.1,25.7,67.6,3.8
40,4,4,jul,tue,79.5,60.6,366.7,1.5
41,4,4,aug,sat,90.2,96.9,624.2,8.9
42,4,4,aug,tue,94.8,108.3,647.1,17.0
43,4,4,sep,sat,92.5,88.0,698.6,7.1
44,4,4,sep,wed,90.1,82.9,735.7,6.2
45,5,6,sep,wed,94.3,85.1,692.3,15.9
46,5,6,sep,mon,90.9,126.5,686.5,7.0
47,6,6,jul,mon,94.2,62.3,442.9,11.0
48,4,4,mar,mon,87.2,23.9,64.7,4.1
49,4,4,mar,mon,87.6,52.2,103.8,5.0
50,4,4,sep,thu,92.9,137.0,706.4,9.2
51,4,3,aug,sun,90.2,99.6,631.2,6.3
52,4,3,aug,wed,92.1,111.2,654.1,9.6
53,4,3,aug,wed,92.1,111.2,654.1,9.6
54,4,3,aug,thu,91.7,114.3,661.3,6.3
55,4,3,sep,thu,92.9,137.0,706.4,9.2
56,4,3,sep,tue,90.3,80.7,730.2,6.3
57,4,3,oct,sun,92.6,46.5,691.8,8.8
58,2,2,feb,mon,84.0,9.3,34.0,2.1
59,2,2,feb,fri,86.6,13.2,43.0,5.3
60,2,2,mar,sun,89.3,51.3,102.2,9.6
61,2,2,mar,sun,89.3,51.3,102.2,9.6
62,2,2,aug,thu,93.0,75.3,466.6,7.7
63,2,2,aug,sun,90.2,99.6,631.2,6.3
64,2,2,aug,mon,91.1,103.2,638.8,5.8
65,2,2,aug,thu,91.7,114.3,661.3,6.3
66,2,2,sep,fri,92.4,117.9,668.0,12.2
67,2,2,sep,fri,92.4,117.9,668.0,12.2
68,2,2,sep,fri,92.4,117.9,668.0,12.2
69,4,5,mar,fri,91.7,33.3,77.5,9.0
70,4,5,mar,fri,91.2,48.3,97.8,12.5
71,4,5,sep,fri,94.3,85.1,692.3,15.9
72,5,4,mar,fri,91.7,33.3,77.5,9.0
73,5,4,aug,tue,88.8,147.3,614.5,9.0
74,5,4,sep,fri,93.3,141.2,713.9,13.9
75,9,9,feb,thu,84.2,6.8,26.6,7.7
76,9,9,feb,fri,86.6,13.2,43.0,5.3
77,1,3,mar,mon,87.6,52.2,103.8,5.0
78,1,2,aug,fri,90.1,108.0,529.8,12.5
79,1,2,aug,tue,91.0,121.2,561.6,7.0
80,1,2,aug,sun,91.4,142.4,601.4,10.6
81,1,2,aug,sun,90.2,99.6,631.2,6.3
82,1,2,aug,tue,94.8,108.3,647.1,17.0
83,1,2,aug,wed,92.1,111.2,654.1,9.6
84,1,2,aug,thu,91.7,114.3,661.3,6.3
85,1,2,sep,thu,92.9,137.0,706.4,9.2
86,1,2,sep,thu,92.9,137.0,706.4,9.2
87,1,2,sep,thu,92.9,137.0,706.4,9.2
88,1,2,sep,sun,93.5,149.3,728.6,8.1
89,6,5,mar,sat,91.7,35.8,80.8,7.8
90,6,5,aug,sat,90.2,96.9,624.2,8.9
91,8,6,mar,fri,91.7,35.8,80.8,7.8
92,8,6,aug,sun,92.3,85.3,488.0,14.7
93,8,6,aug,sun,91.4,142.4,601.4,10.6
94,8,6,aug,mon,91.1,103.2,638.8,5.8
95,4,4,sep,sun,89.7,90.0,704.4,4.8
96,3,4,feb,sat,83.9,8.0,30.2,2.6
97,3,4,mar,sat,69.0,2.4,15.5,0.7
98,3,4,aug,sun,91.4,142.4,601.4,10.6
99,3,4,aug,sun,91.4,142.4,601.4,10.6
100,3,4,aug,sun,91.4,142.4,601.4,10.6
101,3,4,aug,tue,88.8,147.3,614.5,9.0
102,2,4,aug,tue,94.8,108.3,647.1,17.0
103,2,4,sep,sat,92.5,121.1,674.4,8.6
104,2,4,jan,sat,82.1,3.7,9.3,2.9
105,4,5,mar,fri,85.9,19.5,57.3,2.8
106,4,5,mar,thu,91.4,30.7,74.3,7.5
107,4,5,aug,sun,90.2,99.6,631.2,6.3
108,4,5,sep,sat,92.5,88.0,698.6,7.1
109,4,5,sep,mon,88.6,91.8,709.9,7.1
110,4,4,mar,fri,85.9,19.5,57.3,2.8
111,3,4,mar,fri,91.7,33.3,77.5,9.0
112,3,4,sep,sun,89.7,90.0,704.4,4.8
113,3,4,sep,mon,91.8,78.5,724.3,9.2
114,3,4,mar,tue,88.1,25.7,67.6,3.8
115,3,5,mar,tue,88.1,25.7,67.6,3.8
116,3,4,mar,sat,91.7,35.8,80.8,7.8
117,3,4,mar,sat,91.7,35.8,80.8,7.8
118,3,4,mar,mon,90.1,39.7,86.6,6.2
119,3,4,aug,thu,93.0,75.3,466.6,7.7
120,3,4,aug,mon,91.5,145.4,608.2,10.7
121,3,4,aug,mon,91.5,145.4,608.2,10.7
122,3,4,sep,sun,92.4,124.1,680.7,8.5
123,3,4,sep,tue,84.4,73.4,671.9,3.2
124,3,4,sep,fri,94.3,85.1,692.3,15.9
125,3,4,oct,sun,92.6,46.5,691.8,8.8
126,3,5,mar,mon,87.6,52.2,103.8,5.0
127,3,5,sep,fri,93.5,149.3,728.6,8.1
128,3,5,oct,wed,91.4,37.9,673.8,5.2
129,2,5,oct,sun,92.6,46.5,691.8,8.8
130,4,6,feb,sat,68.2,21.5,87.2,0.8
131,4,6,mar,mon,87.2,23.9,64.7,4.1
132,4,6,mar,sun,89.3,51.3,102.2,9.6
133,4,6,sep,thu,93.7,80.9,685.2,17.9
134,3,5,mar,tue,88.1,25.7,67.6,3.8
135,3,5,aug,sat,93.5,139.4,594.2,20.3
136,3,6,sep,sun,92.4,124.1,680.7,8.5
137,3,6,sep,mon,90.9,126.5,686.5,7.0
138,9,9,jul,tue,85.8,48.3,313.4,3.9
139,1,4,sep,tue,91.0,129.5,692.6,7.0
140,2,5,sep,mon,90.9,126.5,686.5,7.0
141,1,2,aug,wed,95.5,99.9,513.3,13.2
142,8,6,aug,fri,90.1,108.0,529.8,12.5
143,1,2,jul,sat,90.0,51.3,296.3,8.7
144,2,5,aug,wed,95.5,99.9,513.3,13.2
145,6,5,aug,thu,95.2,131.7,578.8,10.4
146,5,4,mar,mon,90.1,39.7,86.6,6.2
147,8,3,sep,tue,84.4,73.4,671.9,3.2
148,2,2,aug,tue,94.8,108.3,647.1,17.0
149,8,6,sep,thu,93.7,80.9,685.2,17.9
150,6,5,jun,fri,92.5,56.4,433.3,7.1
151,9,9,jul,sun,90.1,68.6,355.2,7.2
152,3,4,jul,sat,90.1,51.2,424.1,6.2
153,5,4,sep,fri,94.3,85.1,692.3,15.9
154,1,5,sep,sat,93.4,145.4,721.4,8.1
155,7,4,aug,sun,94.8,108.3,647.1,17.0
156,2,4,sep,sat,93.4,145.4,721.4,8.1
157,2,2,aug,wed,92.1,111.2,654.1,9.6
158,2,4,aug,wed,92.1,111.2,654.1,9.6
159,7,4,sep,fri,92.4,117.9,668.0,12.2
160,7,4,mar,mon,90.1,39.7,86.6,6.2
161,6,4,aug,thu,95.2,131.7,578.8,10.4
162,6,3,mar,sat,90.6,50.1,100.4,7.8
163,8,6,sep,sat,92.5,121.1,674.4,8.6
164,8,5,sep,sun,89.7,90.0,704.4,4.8
165,6,5,mar,thu,84.9,18.2,55.0,3.0
166,6,5,aug,wed,92.1,111.2,654.1,9.6
167,6,5,aug,wed,96.0,127.1,570.5,16.5
168,6,5,mar,fri,91.2,48.3,97.8,12.5
169,8,6,aug,thu,95.2,131.7,578.8,10.4
170,5,4,sep,wed,92.9,133.3,699.6,9.2
171,8,6,aug,wed,85.6,90.4,609.6,6.6
172,7,4,aug,sun,91.4,142.4,601.4,10.6
173,4,4,sep,mon,90.9,126.5,686.5,7.0
174,1,4,aug,sat,90.2,96.9,624.2,8.9
175,1,4,aug,sat,90.2,96.9,624.2,8.9
176,6,5,apr,thu,81.5,9.1,55.2,2.7
177,2,5,aug,sun,90.2,99.6,631.2,6.3
178,2,5,sep,wed,90.1,82.9,735.7,6.2
179,8,6,aug,tue,88.8,147.3,614.5,9.0
180,1,3,sep,sun,92.4,124.1,680.7,8.5
181,8,6,oct,mon,84.9,32.8,664.2,3.0
182,5,4,feb,sun,86.8,15.6,48.3,3.9
183,7,4,oct,mon,91.7,48.5,696.1,11.1
184,8,6,aug,fri,93.9,135.7,586.7,15.1
185,2,5,sep,tue,91.0,129.5,692.6,7.0
186,8,6,mar,sun,89.3,51.3,102.2,9.6
187,1,5,sep,mon,90.9,126.5,686.5,7.0
188,6,4,mar,sat,90.8,41.9,89.4,7.9
189,7,4,mar,sun,90.7,44.0,92.4,5.5
190,6,5,mar,fri,91.2,48.3,97.8,12.5
191,2,5,aug,thu,95.2,131.7,578.8,10.4
192,2,2,aug,tue,94.8,108.3,647.1,17.0
193,4,5,sep,wed,92.9,133.3,699.6,9.2
194,2,2,aug,tue,94.8,108.3,647.1,17.0
195,2,5,aug,fri,93.9,135.7,586.7,15.1
196,6,5,apr,thu,81.5,9.1,55.2,2.7
197,4,5,sep,thu,92.9,137.0,706.4,9.2
198,3,4,sep,tue,91.0,129.5,692.6,7.0
199,2,4,sep,mon,63.5,70.8,665.3,0.8
200,1,5,sep,tue,91.0,129.5,692.6,7.0
201,6,5,mar,sun,90.1,37.6,83.7,7.2
202,7,4,feb,sun,83.9,8.7,32.1,2.1
203,8,6,oct,wed,91.4,37.9,673.8,5.2
204,5,6,mar,sat,90.6,50.1,100.4,7.8
205,4,5,sep,thu,92.9,137.0,706.4,9.2
206,2,2,aug,sat,93.5,139.4,594.2,20.3
207,7,5,sep,tue,91.0,129.5,692.6,7.0
208,6,5,sep,fri,92.4,117.9,668.0,12.2
209,8,3,sep,thu,93.7,80.9,685.2,17.9
210,4,4,oct,sat,90.6,43.7,686.9,6.7
211,7,4,aug,sat,93.5,139.4,594.2,20.3
212,7,4,sep,fri,94.3,85.1,692.3,15.9
213,7,3,mar,mon,87.6,52.2,103.8,5.0
214,4,4,mar,sat,91.7,35.8,80.8,7.8
215,4,4,mar,sat,91.7,35.8,80.8,7.8
216,4,4,sep,sun,92.4,124.1,680.7,8.5
217,1,3,sep,mon,88.6,91.8,709.9,7.1
218,4,5,sep,wed,92.9,133.3,699.6,9.2
219,6,5,mar,mon,90.1,39.7,86.6,6.2
220,8,6,aug,sun,90.2,99.6,631.2,6.3
221,3,4,sep,fri,93.3,141.2,713.9,13.9
222,4,3,mar,mon,87.6,52.2,103.8,5.0
223,2,2,jul,fri,88.3,150.3,309.9,6.8
224,7,4,sep,wed,90.1,82.9,735.7,6.2
225,4,4,sep,sun,93.5,149.3,728.6,8.1
226,7,5,oct,mon,91.7,48.5,696.1,11.1
227,8,6,aug,sat,92.2,81.8,480.8,11.9
228,4,6,sep,sun,93.5,149.3,728.6,8.1
229,8,6,aug,sat,92.2,81.8,480.8,11.9
230,4,4,sep,wed,92.9,133.3,699.6,9.2
231,1,5,sep,sun,93.5,149.3,728.6,8.1
232,6,4,sep,tue,91.0,129.5,692.6,7.0
233,9,4,sep,tue,84.4,73.4,671.9,3.2
234,4,5,sep,sat,92.5,121.1,674.4,8.6
235,8,6,aug,sun,91.4,142.4,601.4,10.6
236,2,2,sep,sat,92.5,121.1,674.4,8.6
237,1,2,sep,tue,91.0,129.5,692.6,7.0
238,6,5,sep,sat,92.5,121.1,674.4,8.6
239,7,5,apr,sun,81.9,3.0,7.9,3.5
240,6,3,apr,wed,88.0,17.2,43.5,3.8
241,4,4,apr,fri,83.0,23.3,85.3,2.3
242,2,4,aug,sun,94.2,122.3,589.9,12.9
243,7,4,aug,sun,91.8,175.1,700.7,13.8
244,2,4,aug,sun,91.8,175.1,700.7,13.8
245,3,4,aug,sun,91.8,175.1,700.7,13.8
246,5,4,aug,sun,91.8,175.1,700.7,13.8
247,2,4,aug,wed,92.2,91.6,503.6,9.6
248,8,6,aug,wed,93.1,157.3,666.7,13.5
249,3,4,aug,wed,93.1,157.3,666.7,13.5
250,8,5,aug,wed,93.1,157.3,666.7,13.5
251,8,5,aug,wed,93.1,157.3,666.7,13.5
252,6,5,aug,wed,93.1,157.3,666.7,13.5
253,7,4,aug,thu,91.9,109.2,565.5,8.0
254,6,3,aug,thu,91.6,138.1,621.7,6.3
255,2,5,aug,thu,87.5,77.0,694.8,5.0
256,8,6,aug,sat,94.2,117.2,581.1,11.0
257,4,3,aug,sat,94.2,117.2,581.1,11.0
258,3,4,aug,sat,91.8,170.9,692.3,13.7
259,7,4,aug,sat,91.8,170.9,692.3,13.7
260,2,4,aug,mon,93.6,97.9,542.0,14.4
261,3,4,aug,fri,91.6,112.4,573.0,8.9
262,2,4,aug,fri,91.6,112.4,573.0,8.9
263,6,3,aug,fri,91.1,141.1,629.1,7.1
264,4,4,aug,fri,94.3,167.6,684.4,13.0
265,4,4,aug,tue,93.7,102.2,550.3,14.6
266,6,5,aug,tue,94.3,131.7,607.1,22.7
267,2,2,aug,tue,92.1,152.6,658.2,14.3
268,3,4,aug,tue,92.1,152.6,658.2,14.3
269,4,4,aug,tue,92.1,152.6,658.2,14.3
270,2,2,aug,tue,92.1,152.6,658.2,14.3
271,8,6,aug,tue,92.1,152.6,658.2,14.3
272,2,5,aug,tue,92.1,152.6,658.2,14.3
273,4,6,dec,sun,84.4,27.2,353.5,6.8
274,8,6,dec,wed,84.0,27.8,354.6,5.3
275,4,6,dec,thu,84.6,26.4,352.0,2.0
276,4,4,dec,mon,85.4,25.4,349.7,2.6
277,3,4,dec,mon,85.4,25.4,349.7,2.6
278,4,4,dec,mon,85.4,25.4,349.7,2.6
279,4,4,dec,mon,85.4,25.4,349.7,2.6
280,4,6,dec,fri,84.7,26.7,352.6,4.1
281,6,5,dec,tue,85.4,25.4,349.7,2.6
282,6,3,feb,sun,84.9,27.5,353.5,3.4
283,3,4,feb,wed,86.9,6.6,18.7,3.2
284,5,4,feb,fri,85.2,4.9,15.8,6.3
285,2,5,jul,sun,93.9,169.7,411.8,12.3
286,7,6,jul,wed,91.2,183.1,437.7,12.5
287,7,4,jul,sat,91.6,104.2,474.9,9.0
288,7,4,jul,sat,91.6,104.2,474.9,9.0
289,7,4,jul,sat,91.6,104.2,474.9,9.0
290,2,5,jul,sat,91.6,104.2,474.9,9.0
291,9,4,jul,sat,91.6,104.2,474.9,9.0
292,4,5,jul,fri,91.6,100.2,466.3,6.3
293,7,6,jul,tue,93.1,180.4,430.8,11.0
294,8,6,jul,tue,92.3,88.8,440.9,8.5
295,7,5,jun,sun,93.1,180.4,430.8,11.0
296,6,4,jun,sun,90.4,89.5,290.8,6.4
297,8,6,jun,sun,90.4,89.5,290.8,6.4
298,8,6,jun,wed,91.2,147.8,377.2,12.7
299,6,5,jun,sat,53.4,71.0,233.8,0.4
300,6,5,jun,mon,90.4,93.3,298.1,7.5
301,6,5,jun,mon,90.4,93.3,298.1,7.5
302,3,6,jun,fri,91.1,94.1,232.1,7.1
303,3,6,jun,fri,91.1,94.1,232.1,7.1
304,6,5,may,sat,85.1,28.0,113.8,3.5
305,1,4,sep,sun,89.6,84.1,714.3,5.7
306,7,4,sep,sun,89.6,84.1,714.3,5.7
307,3,4,sep,sun,89.6,84.1,714.3,5.7
308,2,4,sep,sun,92.4,105.8,758.1,9.9
309,2,4,sep,sun,92.4,105.8,758.1,9.9
310,7,4,sep,sun,92.4,105.8,758.1,9.9
311,6,3,sep,sun,92.4,105.8,758.1,9.9
312,2,4,sep,sun,50.4,46.2,706.6,0.4
313,6,5,sep,wed,92.6,115.4,777.1,8.8
314,4,4,sep,wed,92.6,115.4,777.1,8.8
315,3,4,sep,wed,91.2,134.7,817.5,7.2
316,4,5,sep,thu,92.4,96.2,739.4,8.6
317,4,4,sep,thu,92.4,96.2,739.4,8.6
318,6,5,sep,thu,92.8,119.0,783.5,7.5
319,5,4,sep,thu,92.8,119.0,783.5,7.5
320,6,3,sep,thu,92.8,119.0,783.5,7.5
321,1,4,sep,thu,92.8,119.0,783.5,7.5
322,6,5,sep,thu,92.8,119.0,783.5,7.5
323,3,5,sep,thu,90.7,136.9,822.8,6.8
324,6,5,sep,thu,88.1,53.3,726.9,5.4
325,1,4,sep,sat,92.2,102.3,751.5,8.4
326,5,4,sep,sat,92.2,102.3,751.5,8.4
327,6,5,sep,sat,92.2,102.3,751.5,8.4
328,6,5,sep,sat,92.2,102.3,751.5,8.4
329,4,3,sep,sat,92.2,102.3,751.5,8.4
330,3,3,sep,sat,92.2,102.3,751.5,8.4
331,7,4,sep,sat,91.2,124.4,795.3,8.5
332,4,4,sep,sat,91.2,124.4,795.3,8.5
333,1,4,sep,mon,92.1,87.7,721.1,9.5
334,2,3,sep,mon,91.6,108.4,764.0,6.2
335,4,3,sep,mon,91.6,108.4,764.0,6.2
336,7,4,sep,mon,91.6,108.4,764.0,6.2
337,6,3,sep,mon,91.6,108.4,764.0,6.2
338,8,6,sep,mon,91.6,108.4,764.0,6.2
339,2,4,sep,mon,91.6,108.4,764.0,6.2
340,2,5,sep,mon,91.6,108.4,764.0,6.2
341,8,6,sep,mon,91.9,111.7,770.3,6.5
342,6,3,sep,mon,91.5,130.1,807.1,7.5
343,8,6,sep,mon,91.5,130.1,807.1,7.5
344,6,3,sep,mon,91.5,130.1,807.1,7.5
345,2,2,sep,mon,91.5,130.1,807.1,7.5
346,1,4,sep,mon,91.5,130.1,807.1,7.5
347,5,4,sep,fri,92.1,99.0,745.3,9.6
348,3,4,sep,fri,92.1,99.0,745.3,9.6
349,5,4,sep,fri,92.1,99.0,745.3,9.6
350,5,4,sep,fri,92.1,99.0,745.3,9.6
351,4,4,sep,fri,92.1,99.0,745.3,9.6
352,7,4,sep,fri,92.1,99.0,745.3,9.6
353,7,4,sep,fri,92.1,99.0,745.3,9.6
354,7,4,sep,fri,92.1,99.0,745.3,9.6
355,4,4,sep,fri,92.1,99.0,745.3,9.6
356,4,4,sep,fri,92.1,99.0,745.3,9.6
357,6,3,sep,fri,92.5,122.0,789.7,10.2
358,6,3,sep,fri,92.5,122.0,789.7,10.2
359,1,4,sep,fri,92.5,122.0,789.7,10.2
360,6,5,sep,fri,92.5,122.0,789.7,10.2
361,4,3,sep,fri,92.5,122.0,789.7,10.2
362,7,4,sep,fri,88.2,55.2,732.3,11.6
363,4,3,sep,tue,91.9,111.7,770.3,6.5
364,6,5,sep,tue,91.9,111.7,770.3,6.5
365,6,5,sep,tue,91.9,111.7,770.3,6.5
366,4,5,sep,tue,91.1,132.3,812.1,12.5
367,4,5,sep,tue,91.1,132.3,812.1,12.5
368,6,5,sep,sat,91.2,94.3,744.4,8.4
369,4,5,sep,sun,91.0,276.3,825.1,7.1
370,7,4,sep,sun,91.0,276.3,825.1,7.1
371,3,4,jul,wed,91.9,133.6,520.5,8.0
372,4,5,aug,sun,92.0,203.2,664.5,8.1
373,5,4,aug,thu,94.8,222.4,698.6,13.9
374,6,5,sep,fri,90.3,290.0,855.3,7.4
375,6,5,sep,sat,91.2,94.3,744.4,8.4
376,8,6,aug,mon,92.1,207.0,672.6,8.2
377,2,2,aug,sat,93.7,231.1,715.1,8.4
378,6,5,mar,thu,90.9,18.9,30.6,8.0
379,4,5,jan,sun,18.7,1.1,171.4,0.0
380,5,4,jul,wed,93.7,101.3,458.8,11.9
381,8,6,aug,thu,90.7,194.1,643.0,6.8
382,8,6,aug,wed,95.2,217.7,690.0,18.0
383,9,6,aug,thu,91.6,248.4,753.8,6.3
384,8,4,aug,sat,91.6,273.8,819.1,7.7
385,2,4,aug,sun,91.6,181.3,613.0,7.6
386,3,4,sep,sun,90.5,96.7,750.5,11.4
387,5,5,mar,thu,90.9,18.9,30.6,8.0
388,6,4,aug,fri,94.8,227.0,706.7,12.0
389,7,4,aug,fri,94.8,227.0,706.7,12.0
390,7,4,feb,mon,84.7,9.5,58.3,4.1
391,8,6,sep,fri,91.1,91.3,738.1,7.2
392,1,3,sep,sun,91.0,276.3,825.1,7.1
393,2,4,mar,tue,93.4,15.0,25.6,11.4
394,6,5,feb,mon,84.1,4.6,46.7,2.2
395,4,5,feb,sun,85.0,9.0,56.9,3.5
396,4,3,sep,sun,90.5,96.7,750.5,11.4
397,5,6,aug,sun,91.6,181.3,613.0,7.6
398,1,2,aug,sat,93.7,231.1,715.1,8.4
399,9,5,jun,wed,93.3,49.5,297.7,14.0
400,9,5,jun,wed,93.3,49.5,297.7,14.0
401,3,4,sep,thu,91.1,88.2,731.7,8.3
402,9,9,aug,fri,94.8,227.0,706.7,12.0
403,8,6,aug,thu,90.7,194.1,643.0,6.8
404,2,4,sep,wed,87.9,84.8,725.1,3.7
405,2,2,aug,tue,94.6,212.1,680.9,9.5
406,6,5,sep,sat,87.1,291.3,860.6,4.0
407,4,5,feb,sat,84.7,8.2,55.0,2.9
408,4,3,sep,fri,90.3,290.0,855.3,7.4
409,1,4,jul,tue,92.3,96.2,450.2,12.1
410,6,3,feb,fri,84.1,7.3,52.8,2.7
411,7,4,feb,fri,84.6,3.2,43.6,3.3
412,9,4,jul,mon,92.3,92.1,442.1,9.8
413,7,5,aug,sat,93.7,231.1,715.1,8.4
414,5,4,aug,sun,93.6,235.1,723.1,10.1
415,8,6,aug,thu,94.8,222.4,698.6,13.9
416,6,3,jul,tue,92.7,164.1,575.8,8.9
417,6,5,mar,wed,93.4,17.3,28.3,9.9
418,2,4,aug,sun,92.0,203.2,664.5,8.1
419,2,5,aug,sun,91.6,181.3,613.0,7.6
420,8,8,aug,wed,91.7,191.4,635.9,7.8
421,2,4,aug,wed,95.2,217.7,690.0,18.0
422,8,6,jul,sun,88.9,263.1,795.9,5.2
423,1,3,sep,sat,91.2,94.3,744.4,8.4
424,8,6,aug,sat,93.7,231.1,715.1,8.4
425,2,2,aug,thu,91.6,248.4,753.8,6.3
426,8,6,aug,thu,91.6,248.4,753.8,6.3
427,2,4,aug,mon,92.1,207.0,672.6,8.2
428,1,3,aug,thu,94.8,222.4,698.6,13.9
429,3,4,aug,sun,91.6,181.3,613.0,7.6
430,7,4,sep,thu,89.7,287.2,849.3,6.8
431,1,3,aug,sat,92.1,178.0,605.3,9.6
432,8,6,aug,thu,94.8,222.4,698.6,13.9
433,2,4,aug,sun,93.6,235.1,723.1,10.1
434,1,4,aug,fri,90.6,269.8,811.2,5.5
435,2,5,jul,sat,90.8,84.7,376.6,5.6
436,8,6,aug,mon,92.1,207.0,672.6,8.2
437,8,6,aug,sat,89.4,253.6,768.4,9.7
438,2,5,aug,sat,93.7,231.1,715.1,8.4
439,1,3,sep,fri,91.1,91.3,738.1,7.2
440,5,4,sep,fri,90.3,290.0,855.3,7.4
441,8,6,aug,mon,92.1,207.0,672.6,8.2
442,6,5,apr,mon,87.9,24.9,41.6,3.7
443,1,2,jul,fri,90.7,80.9,368.3,16.8
444,2,5,sep,fri,90.3,290.0,855.3,7.4
445,5,5,aug,sun,94.0,47.9,100.7,10.7
446,6,5,aug,sun,92.0,203.2,664.5,8.1
447,3,4,mar,wed,93.4,17.3,28.3,9.9
448,7,4,sep,wed,89.7,284.9,844.0,10.1
449,7,4,aug,sun,91.6,181.3,613.0,7.6
450,4,5,aug,wed,95.2,217.7,690.0,18.0
451,1,4,aug,fri,90.5,196.8,649.9,16.3
452,7,4,aug,mon,91.5,238.2,730.6,7.5
453,4,5,aug,thu,89.4,266.2,803.3,5.6
454,3,4,aug,thu,91.6,248.4,753.8,6.3
455,3,4,jul,mon,94.6,160.0,567.2,16.7
456,2,4,aug,thu,91.6,248.4,753.8,6.3
457,1,4,aug,wed,91.7,191.4,635.9,7.8
458,8,6,aug,sat,93.7,231.1,715.1,8.4
459,7,4,aug,sat,91.6,273.8,819.1,7.7
460,2,5,aug,sat,93.7,231.1,715.1,8.4
461,8,6,aug,sat,93.7,231.1,715.1,8.4
462,1,4,sep,sun,91.0,276.3,825.1,7.1
463,6,5,feb,tue,75.1,4.4,16.2,1.9
464,6,4,feb,tue,75.1,4.4,16.2,1.9
465,2,2,feb,sat,79.5,3.6,15.3,1.8
466,6,5,mar,mon,87.2,15.1,36.9,7.1
467,3,4,mar,wed,90.2,18.5,41.1,7.3
468,6,5,mar,thu,91.3,20.6,43.5,8.5
469,6,3,apr,sun,91.0,14.6,25.6,12.3
470,5,4,apr,sun,91.0,14.6,25.6,12.3
471,4,3,may,fri,89.6,25.4,73.7,5.7
472,8,3,jun,mon,88.2,96.2,229.0,4.7
473,9,4,jun,sat,90.5,61.1,252.6,9.4
474,4,3,jun,thu,93.0,103.8,316.7,10.8
475,2,5,jun,thu,93.7,121.7,350.2,18.0
476,4,3,jul,thu,93.5,85.3,395.0,9.9
477,4,3,jul,sun,93.7,101.3,423.4,14.7
478,7,4,jul,sun,93.7,101.3,423.4,14.7
479,7,4,jul,mon,89.2,103.9,431.6,6.4
480,9,9,jul,thu,93.2,114.4,560.0,9.5
481,4,3,jul,thu,93.2,114.4,560.0,9.5
482,3,4,aug,sun,94.9,130.3,587.1,14.1
483,8,6,aug,sun,94.9,130.3,587.1,14.1
484,2,5,aug,sun,94.9,130.3,587.1,14.1
485,2,4,aug,mon,95.0,135.5,596.3,21.3
486,5,4,aug,tue,95.1,141.3,605.8,17.7
487,5,4,aug,tue,95.1,141.3,605.8,17.7
488,4,4,aug,tue,95.1,141.3,605.8,17.7
489,4,4,aug,wed,95.1,141.3,605.8,17.7
490,4,4,aug,wed,95.1,141.3,605.8,17.7
491,4,4,aug,thu,95.8,152.0,624.1,13.8
492,1,3,aug,fri,95.9,158.0,633.6,11.3
493,1,3,aug,fri,95.9,158.0,633.6,11.3
494,6,6,aug,sat,96.0,164.0,643.0,14.0
495,6,6,aug,mon,96.2,175.5,661.8,16.8
496,4,5,aug,mon,96.2,175.5,661.8,16.8
497,3,4,aug,tue,96.1,181.1,671.2,14.3
498,6,5,aug,tue,96.1,181.1,671.2,14.3
499,7,5,aug,tue,96.1,181.1,671.2,14.3
500,8,6,aug,tue,96.1,181.1,671.2,14.3
501,7,5,aug,tue,96.1,181.1,671.2,14.3
502,4,4,aug,tue,96.1,181.1,671.2,14.3
503,2,4,aug,wed,94.5,139.4,689.1,20.0
504,4,3,aug,wed,94.5,139.4,689.1,20.0
505,1,2,aug,thu,91.0,163.2,744.4,10.1
506,1,2,aug,fri,91.0,166.9,752.6,7.1
507,2,4,aug,fri,91.0,166.9,752.6,7.1
508,1,2,aug,fri,91.0,166.9,752.6,7.1
509,5,4,aug,fri,91.0,166.9,752.6,7.1
510,6,5,aug,fri,91.0,166.9,752.6,7.1
511,8,6,aug,sun,81.6,56.7,665.6,1.9
512,4,3,aug,sun,81.6,56.7,665.6,1.9
513,2,4,aug,sun,81.6,56.7,665.6,1.9
514,7,4,aug,sun,81.6,56.7,665.6,1.9
515,1,4,aug,sat,94.4,146.0,614.7,11.3
516,6,3,nov,tue,79.5,3.0,106.7,1.1
